x1,x2,label
0.9415738468064709,0.5057786132372715,0.0
-1.0927630261995491,-0.0059282771369084395,0.0
0.4393508805331064,-0.5091773830188494,0.0
0.18774504272649084,0.07675539862085723,0.0
0.003034499914448621,-0.12346099290686806,0.0
0.3061957553475632,0.8506758850434706,0.0
-0.6824044799127458,0.7270995734599148,0.0
0.16166591539470965,0.3147598245935309,0.0
-0.8036991314973602,0.09555620313941238,0.0
1.0497261809209935,-0.7635373570971341,0.0
-1.3984650785976176,-1.2327503725628777,0.0
0.18814001723620644,1.686426572454196,0.0
0.7945697052458146,1.182722509393217,0.0
0.07010908286642939,0.988532718317093,0.0
-0.19180129167381066,0.4336008373662201,0.0
-0.18902179683880416,-0.38842012884088106,0.0
0.09383893585157145,-0.33668324756294643,0.0
0.9252301884786189,0.13789521216714565,0.0
0.282991196591824,-0.23874211510104124,0.0
0.8884600580740829,-0.5175805984867943,0.0
0.4668542070254395,-0.24810389376488315,0.0
-0.6642796991609615,-0.3460136643460895,0.0
-0.5689318527817151,-0.1503999426745692,0.0
-0.239808367764729,0.22073747884965203,0.0
0.399623285119882,-0.10424186392304428,0.0
-0.018317839331646768,0.20442047191148824,0.0
-0.38175215236004884,0.500744752255302,0.0
0.5955428237934418,0.14395336230962436,0.0
1.6933112003721327,0.6487414361738295,0.0
-0.07938862572196188,-0.2561002501874539,0.0
-0.1641776476492573,-0.35477590722079505,0.0
0.7981716362666896,-0.4934262045265408,0.0
-0.057362046281624224,-0.3742688481302023,0.0
0.7397629924102386,-1.0030705877569248,0.0
-0.2563256305839379,-0.08620034088580433,0.0
0.22581909096907105,0.3259075672406286,0.0
-0.15258649617842698,0.6993798417826967,0.0
0.22256453140186752,1.7448927956070557,0.0
-1.066544351782488,0.43883093722225786,0.0
-0.7390203045151627,-0.564277446422703,0.0
1.4036667758260617,1.2337699162009506,0.0
-1.3125213404801537,-0.15752479330574257,0.0
-0.04656145964312943,-1.5073480874448155,0.0
-0.034528385696438894,0.27813424191866803,0.0
0.15362965742844514,-1.4102493589401037,0.0
0.783268004390992,0.17291870418611827,0.0
-0.0437784158911006,-0.5330828248335019,0.0
0.5034310485080838,0.6493143439655117,0.0
-0.3408913276340749,0.06334800837236018,0.0
0.5847763341164225,-1.3820487739643597,0.0
0.08306783653630809,-1.3487757004137533,0.0
-0.6525953995945811,0.33216442451222516,0.0
-0.10208271711431738,-0.28294054210191827,0.0
-0.20929218953503875,0.5997740593000221,0.0
0.4998046077040523,-0.5566831963668377,0.0
0.20714037301438623,-0.33291100015720954,0.0
1.700114940138755,-0.522804163515451,0.0
-0.221203335663217,-0.24669677020495995,0.0
-0.3104384287499792,0.09977571409204611,0.0
0.1930750258377706,-1.14450235161073,0.0
-0.40525234434740354,-0.9336974139009834,0.0
0.8741291690856254,1.7432480833549517,0.0
0.9780928894603521,0.24482378373616576,0.0
0.7230280732977288,0.11795267098119154,0.0
1.1714755596730873,0.47226927149015774,0.0
-0.16259683112419396,-0.7987133092814984,0.0
-0.45252189715577346,0.22191168993768406,0.0
-0.8667969346023406,-0.15683143076871506,0.0
0.9474709800612539,0.020725095362532895,0.0
1.4038797243309198,1.0233006097324033,0.0
-0.20338470886103616,-0.9611777239818244,0.0
-0.033970346846911734,-0.3399679885159973,0.0
0.2671117687002381,1.1415588261198948,0.0
-0.7941544792851365,-0.2748721672577609,0.0
0.23500690304074234,0.8025472271510287,0.0
0.361129623549125,0.29295267151787513,0.0
0.9507400149025191,0.3489680274456952,0.0
-0.16758726604614127,0.04050671813661,0.0
-0.4999750150045766,0.3865504136569116,0.0
0.6664484304326673,-2.106893082018869,0.0
0.8613613125778226,-0.03996618656926678,0.0
0.3258973500618115,0.4683691553722258,0.0
-1.6228831274332907,-0.845649725955612,0.0
-0.2355380905687828,-0.5595977807195295,0.0
0.19386943249224414,-0.36409629787966163,0.0
-1.2099100466007644,0.4329595817700236,0.0
0.7779089405473364,0.399057498387384,0.0
-0.5040253154063661,-0.18445550622244394,0.0
0.38779720467080314,0.4265261388233364,0.0
0.7119583388348205,-0.20819062638310915,0.0
-1.0047142475213942,-0.48008786839856554,0.0
0.3775135690362066,0.5260693459462459,0.0
1.5733476880885593,0.0828597768485893,0.0
0.17296858605606868,-0.1253691997890718,0.0
-0.2868941003282878,0.5527985384780016,0.0
0.2499464177183419,-0.1465687299544888,0.0
-0.7634613418266775,-0.08702351029898545,0.0
-0.27646615455329326,0.8875418572590623,0.0
0.6697192725162953,-0.7228828229888598,0.0
0.82531266808499,-0.4044486833572515,0.0
0.09414242686772786,0.8504683493146981,0.0
-0.7246097720387549,0.11341933581332929,0.0
-0.7993667415000374,-1.3727061687662405,0.0
0.6976300066324179,0.019959762832251062,0.0
-0.5815017050541547,-1.1218615087989714,0.0
-0.2838841530398256,0.9490640734648349,0.0
0.2845886252236837,-0.2635821253272115,0.0
-0.4751923290430545,0.07482044127635107,0.0
-1.0941101344842867,0.9509218030490406,0.0
0.35580848255487074,0.844533410116,0.0
-0.39845868133987006,0.60445521034195,0.0
0.4864220963255356,-1.0840432867279568,0.0
0.10533112179105926,0.2228172438771555,0.0
-0.40652817887541404,-0.2546794515427174,0.0
0.30842958103216483,-0.02681199149964778,0.0
-0.7104417460402159,0.4182204883100155,0.0
0.16109120284698944,0.17619591871839047,0.0
0.06771483408561328,0.3175063106737221,0.0
-0.20223395904910835,-0.6100622440285995,0.0
-0.5245493739471726,0.7817596758886086,0.0
-1.4267425418326642,0.38222000374131554,0.0
-1.0198593203945776,-1.1376290014772699,0.0
-0.7117514557751484,-0.18210377248066875,0.0
0.5165467695796353,-1.2009512115779333,0.0
1.1837501705061153,0.8228769198165543,0.0
-0.09374368637014273,-0.20523477948084615,0.0
-0.6742492385778114,0.41580749149520985,0.0
0.04864998651744104,0.9984802451294241,0.0
-0.48522771463711817,0.38745486637902016,0.0
-0.025726339196721928,-0.5989309363032368,0.0
1.345132087716566,0.19771086886680983,0.0
0.43858616408165557,-0.7555914728146099,0.0
-0.5109700208881734,0.05949565018352836,0.0
-0.41327220454924346,0.4256940300752745,0.0
0.30997103325335174,-0.5532001779126922,0.0
0.13642634274088974,0.0028460425603501678,0.0
-0.11601875066314334,-0.8123329424730712,0.0
-0.5907937288963921,0.1488111371427125,0.0
0.7169954084220428,-0.6860334597189267,0.0
0.8606773344058574,0.1291511999521216,0.0
-0.8978980442473523,0.22867121227363046,0.0
0.6263374084169714,0.18695527936180256,0.0
1.63987065272936,0.21826100484416205,0.0
0.6311380793278103,0.007794223637129997,0.0
0.6930170619756945,-1.6939252154900515,0.0
-0.6063599854047063,-0.25758350502480587,0.0
0.356330129068164,0.1331702789397969,0.0
0.7673714229094585,0.25239403475008965,0.0
0.14660414304202857,-0.10257611805225132,0.0
0.11589780853423266,0.5865539027961897,0.0
0.5340777220978972,0.6218902957498565,0.0
-0.1696747260903442,-0.49147926727630104,0.0
-0.33333019531552494,0.24711713843341576,0.0
1.139472380175221,0.16923841829774364,0.0
0.3429486472562392,-1.1728106353259007,0.0
1.894982751743903,-0.7803079822042445,0.0
1.2853664093448822,-0.3931848459353184,0.0
0.6772041120017382,0.5764480720015531,0.0
0.045480683727910386,-0.11766636662322928,0.0
-0.6651822610259066,-0.03789703560271665,0.0
0.7786208762533597,0.26313037528868133,0.0
-0.6247012548877484,0.8188661193110865,0.0
-0.8511115461051635,0.14837868017587566,0.0
-0.6301643159419574,-0.5534438134491917,0.0
0.7634848841244918,-0.32727792881550877,0.0
-1.0713202868792207,-0.3809315269706081,0.0
0.5350124463935583,-0.5157631364016171,0.0
0.858981049539455,0.7129637231121538,0.0
0.051818912557844474,0.8299541488297167,0.0
1.317305756985433,-1.4026428188967193,0.0
0.817902586202966,0.4308276221449672,0.0
-0.22853778316951173,0.46962186235427594,0.0
0.2805276399880607,-0.40737613908029763,0.0
1.0523293169249048,0.09916951055803454,0.0
0.8402668349401281,-0.1737682299807752,0.0
-1.1565343888122492,0.17309838843237135,0.0
-0.16622823883440802,-0.8915398912865974,0.0
-1.1964019959882388,0.43589662750118807,0.0
0.8978073152846243,0.9880671588756077,0.0
0.37775409349821065,0.0029005792815722125,0.0
0.1339400549741162,0.031660483683819206,0.0
0.5619273463926259,-0.34870316235225424,0.0
-0.8920786595220775,-0.15504041952127312,0.0
0.1394925272209222,-0.18051054015909462,0.0
0.01824872296034394,1.5563182932205064,0.0
0.6253423294912732,-0.9806316185258537,0.0
0.4622090550687778,-1.53909472555233,0.0
0.4376629816474189,0.33745561194476476,0.0
0.01845303201088738,-0.6856854569953377,0.0
-0.6956008273480211,0.2917046807056033,0.0
-0.4343791225610319,0.5919061997737836,0.0
-0.4409652296300733,-0.25681142586253464,0.0
0.5370273283608294,-0.02399001153697811,0.0
-0.11766305821536273,0.1906164886203786,0.0
0.2653811001687374,-0.059337038205455724,0.0
0.1598954749592427,-0.08194005040970587,0.0
0.2910468567223757,0.2035127097860477,0.0
0.35657378102588466,0.5687029025108155,0.0
-0.7287500560828323,-0.9600371515038774,0.0
-0.18844527596155464,-0.1211222987407974,0.0
0.32695595843947844,-0.8625681200182114,0.0
0.13616956046375073,0.3079099225866195,0.0
-1.1560800855134663,0.3075470962557649,0.0
0.988407566592196,0.0881527220465806,0.0
-0.6303513314762437,-0.4079251937871417,0.0
-0.052996852898384454,-0.36895166477574504,0.0
-2.265853920218771,1.0342928618320057,0.0
-0.3301500098412344,-0.1265860444485991,0.0
0.6538953232495992,0.16634316856700612,0.0
-0.34549821084221893,-0.06574787858353058,0.0
0.3785859480302537,0.3895060235345358,0.0
-0.13542654277609256,0.561936081557278,0.0
0.5551470583705758,-0.3448732425736018,0.0
-0.7112538668819902,0.23163076234555272,0.0
0.40944908575844696,-0.32521647375806123,0.0
-0.3081683880458068,0.3791991294777993,0.0
0.11102635954593468,0.960809014377718,0.0
0.3644041174845087,1.685830688141082,0.0
0.3741940269062495,-0.6336693836861832,0.0
-0.13987287539176832,-0.06751160813869389,0.0
-1.1882547047467418,0.47850495391854075,0.0
0.04294105583565166,-0.016292580545320356,0.0
-0.3912552123089375,-0.7821472412036317,0.0
-0.15353755625530474,-0.6190170990405024,0.0
0.007623621555812872,-0.6408132723625799,0.0
-1.0010886958075191,0.06696888912337079,0.0
0.13703772591057353,0.3841252128381462,0.0
0.03983541162130869,1.036374592976482,0.0
-0.4496981421360867,0.7845386708051193,0.0
-0.7018971607753309,-0.4824882830170311,0.0
-0.28939702708255854,-0.17499144376210798,0.0
1.0803538871700502,-0.459222276031166,0.0
-0.8973294839360253,0.5337779885661926,0.0
-0.016905821890578654,-1.1013488439591748,0.0
0.24490754849830895,0.6663523265011637,0.0
-0.27257327108305146,1.1032342090887277,0.0
1.0925943584673519,-0.4890970306944953,0.0
0.6113068741019995,-1.483362859109896,0.0
0.12041653349924762,-0.5358664861615791,0.0
0.6843453081634826,-0.6183825894194636,0.0
0.7267929097936813,-0.5677287008128719,0.0
-0.30285624397561184,-0.5341596587030359,0.0
0.15591485247584858,-0.9709383513130512,0.0
0.45732720608507726,-0.47623769983474645,0.0
1.5852390064633408,-0.17429271444938732,0.0
-0.5399498061254597,0.33996898055935293,0.0
-0.5881708568852384,0.41944812797160463,0.0
-0.3173347726199633,0.34485310504215194,0.0
0.03982052707768203,0.38592789647100634,0.0
-0.4830404821814449,-0.4659956076431616,0.0
1.0177060712690429,0.9773252511245745,0.0
0.6514719245339616,-0.4050924393740039,0.0
0.9015958656157829,-0.2325193653554245,0.0
-0.10347857592232244,0.7484277273722663,0.0
-0.0785457342389656,-0.027493112872620407,0.0
-0.2279454113691473,-0.4707674632020555,0.0
-0.49824158331873186,-0.25014802581035256,0.0
0.1074289095353711,-0.21510200317121286,0.0
-0.8335759184668656,-0.10545274813757448,0.0
-0.15916750930240067,0.04960663342511956,0.0
0.319659802876257,0.2079383663726324,0.0
-0.5851379416046001,-0.5858176154856256,0.0
-0.3482553671583868,-0.5314759106546793,0.0
-1.1231548460686143,-0.331442665914242,0.0
-1.011953572980065,-0.8934272001921286,0.0
-0.8769882181474662,-0.74466544621195,0.0
-0.8005846979701403,-0.6441361333562902,0.0
-0.18401738782333693,0.5760477349862537,0.0
-0.9527142919730075,0.7491996642335422,0.0
0.3709063113155125,0.3772337047553784,0.0
-0.1792925939712257,0.1358509762640136,0.0
0.39804581693510693,0.4436748347756674,0.0
-0.2403799758719428,0.5212642564985822,0.0
0.8505808134392954,0.6862892228527614,0.0
0.4977174166365133,-0.427790917876944,0.0
0.003330857930027379,0.1039686959564922,0.0
-0.32706454637404697,0.15454443215423738,0.0
0.11932682109848795,-0.03535334372533763,0.0
-0.10599965209148675,-0.024980712423776665,0.0
0.023770479563582025,-0.2592083685221415,0.0
-0.2999627722977555,-0.035956132404955904,0.0
-0.7946142173117201,-1.3133505541222594,0.0
-0.15310624761695554,-0.8338234999934482,0.0
1.1630217497797224,0.511541690635283,0.0
0.882574831160514,0.5181153608773537,0.0
-0.226997354887347,0.35418622778094055,0.0
0.3676547340929429,-0.9743053424876206,0.0
0.554874218836327,-0.6337852294041239,0.0
-0.8332107423197401,0.5240986405648903,0.0
-0.40506564694974173,-0.679533394827219,0.0
0.8399848693325368,-1.248867248563581,0.0
-0.544763307189474,0.7949590822184178,0.0
1.889166643564774,0.045569850115082404,0.0
0.6459309527782683,-0.7049898520381552,0.0
1.467280985574217,-0.41732489801389766,0.0
-1.9912135564770508,0.07745960669097086,0.0
0.10088242496009141,-0.5543968616165053,0.0
0.18215829768745104,0.9283765775625186,0.0
-0.9539049866221895,0.35365015882471196,0.0
-0.696207895478202,1.0507461203705255,0.0
0.40354121202151927,-0.3626575264140372,0.0
0.1950076214271402,-0.27526361822332246,0.0
0.4585795471749401,-0.017273585571910183,0.0
0.9252401400543458,1.8827265871805217,0.0
0.24234416065632583,0.617042707431404,0.0
0.2668599817369652,-0.35826228411866856,0.0
0.34154398081712234,0.6907768788806711,0.0
0.5988072160594972,0.11076951964341486,0.0
-0.10926339474921697,1.2941094604615448,0.0
0.6569808975557229,0.9776016321053083,0.0
-0.46121842973110083,1.0061092490608556,0.0
-1.0315587511838051,0.33774880751564085,0.0
0.02078950088372013,0.11441891836918011,0.0
-0.29056686535819,0.6582001894405642,0.0
0.38061341133744575,0.1380221497732285,0.0
1.4606179526914964,0.736842328497571,0.0
0.12962569639373245,-0.008123593616837682,0.0
-1.4050948189548864,-0.4531368596447069,0.0
-0.34039735188294995,-0.5734012402384311,0.0
-0.07698522217092899,1.2874863472896458,0.0
0.3635023438440131,-0.1659349534332401,0.0
-0.7676200167755716,0.6729860251926346,0.0
-0.16291189635320316,1.3222810713929862,0.0
0.11152840094705518,1.0137341094584367,0.0
0.33420654500100183,0.053498935328331804,0.0
0.08919789056053536,0.44235323341004384,0.0
-0.019037180849835307,-1.1083531143563274,0.0
-1.3327903383896555,-0.5073577535188797,0.0
-0.5783683581558529,0.14804771707258962,0.0
-0.09236294025698921,0.348593181324683,0.0
-0.1575193990703978,0.3973038301408515,0.0
0.23904405508925333,0.7805560154511961,0.0
-0.6366079245731515,-1.3442197037632024,0.0
-0.43901030826588916,0.5151226688862899,0.0
-0.46558754123209073,-0.33872858975326653,0.0
-0.911548818079892,-0.6888631379148984,0.0
-0.1372512167712105,-1.2351287591703337,0.0
-0.10675689730868834,0.01267360982158103,0.0
-0.14023377283180313,0.08813814601778595,0.0
-0.46934277984702466,0.9062095533040818,0.0
0.5601979109419765,-0.5593935556455842,0.0
-0.054167919724086126,-0.46968671914345583,0.0
0.8993129876080357,-0.08453672492042515,0.0
-0.8492201205716159,0.59834321900514,0.0
0.4322047243288393,-0.14396911773271728,0.0
-0.3706468649758476,-0.29597653017024056,0.0
-0.04378137387624225,-0.7487188075051943,0.0
1.2765013895348247,-0.05234232363292572,0.0
1.559089628785951,-0.31967540048067083,0.0
-0.14809358773954662,-0.20837330761957312,0.0
0.6409867560765646,0.706579628059209,0.0
0.22301038273429694,0.8045457187120184,0.0
0.818897792390134,0.7069374424668238,0.0
-0.29447364148011823,-0.8087720505869205,0.0
-1.1500715731221725,-1.0315198919852657,0.0
-0.22332224964981154,-0.9114152525918693,0.0
-0.07662207869195398,1.0558754130472634,0.0
-0.11037483063311743,-1.3375952875868395,0.0
0.5942286086264764,-0.15923962524180732,0.0
-0.3531434425259382,-0.19163859507472195,0.0
-0.9371751954661588,0.013115512592434101,0.0
0.5335509000374858,-0.7246449313653185,0.0
0.40300387262323073,0.4307768104880071,0.0
-0.40185951069894077,0.7136093631894753,0.0
-0.8193371151609538,0.3109379558386259,0.0
-0.10149983244412385,-0.05832256417391619,0.0
0.27476615294235307,0.15116862503179235,0.0
-1.3877101518462702,-0.917020003396262,0.0
-0.7640971103693706,-0.16691068317478108,0.0
0.5515760350525153,0.7486966960877265,0.0
0.4749925693332619,0.1238423278066953,0.0
-0.6860797346202169,0.8353418912247207,0.0
0.07490832809315852,-0.875410588862978,0.0
-0.4383679496970847,0.8612985631343716,0.0
1.013921424808176,-0.6617879531364227,0.0
1.4906079708034572,0.6446751687562479,0.0
0.4017547935671814,-0.826938520550187,0.0
1.5216729375560298,-0.03763568148859152,0.0
-0.5315830095011793,-0.3067236049849565,0.0
-0.07415908513173244,-0.7003354481857722,0.0
0.43414803452098905,-0.08288244081077487,0.0
-1.2249362247453217,-0.6178711196373508,0.0
-0.8023507573433726,-0.5711982597408798,0.0
-0.3886595596852801,0.1325517210971243,0.0
-0.20835472384057885,-0.1321733229444187,0.0
-0.5297978008611377,0.48567516552197,0.0
-0.195918353138843,1.4071463924434715,0.0
-0.6318988704033238,-0.029000220330303562,0.0
0.9194290661194279,-0.8104121306932733,0.0
-0.6724224774791944,-0.7888901510956831,0.0
-0.0918299003271013,-0.20724517643007395,0.0
0.15098789468656282,0.7905671632701496,0.0
-0.8177432910497198,-0.2725620176026323,0.0
0.28236709379927927,-1.7758768306840003,0.0
-0.3723681119021781,-0.3222864732787883,0.0
-0.4278731222834767,0.2007694785350258,0.0
0.775781578152903,-0.3808317094076704,0.0
1.552521345625051,-0.4968441852688445,0.0
-0.04285035865122534,0.15360354508664323,0.0
-1.0783620880747988,0.32377851976660615,0.0
0.014879804316392891,0.11057136346085503,0.0
0.7337323140081867,0.0322906677299314,0.0
0.7830048998328373,-0.9459597097375166,0.0
-0.17936945916722605,0.8873340445760084,0.0
-0.056954034577646015,-0.8632658375621803,0.0
-0.8173631733035978,-0.5355201446996839,0.0
-0.9280008632089668,0.35026428864631104,0.0
-1.9905489401795309,-0.5808021674450966,0.0
-0.9833384555184865,-0.9710292062653624,0.0
-0.40273386456856236,-0.8732297655233682,0.0
0.33771253716165334,-0.5582460534379508,0.0
-0.39048930887864675,0.5922987466123709,0.0
0.1928406176563999,0.08927610295229561,0.0
-0.01828466533352002,-0.7950300083844258,0.0
0.21324416408024777,1.4980703707042913,0.0
-0.1859451388431842,-0.7095024191410114,0.0
-1.0732440032778476,-1.3590556297458856,0.0
-0.2427817537802741,-0.38209528301394136,0.0
0.7390464445298924,-0.05652274823448818,0.0
0.46767686450128143,0.44080217295884555,0.0
0.8475394825190881,-0.21834100733664194,0.0
0.6860123638212546,0.3189378361331065,0.0
-0.7514471287863559,-0.7248848858053579,0.0
0.29671192183156314,-0.2229735932196585,0.0
-1.5632394360648652,0.18157783368207359,0.0
0.18422207377290759,0.14013436135058813,0.0
1.0789403246848153,-0.2816210112740898,0.0
-1.086395470705177,0.4484111039890307,0.0
0.10953282446949618,0.4247426225781352,0.0
0.4576999563661256,0.10575800510363094,0.0
-0.3898580686361664,-0.04631719985982417,0.0
-0.11180541174422522,-0.3226635575431821,0.0
0.11092533482162133,-0.08470769247179771,0.0
0.034466301137637656,-0.7708726688861532,0.0
-0.20197490291112388,-0.8107204642197602,0.0
-0.7484714585400991,0.9735434438765626,0.0
-0.7190210066410396,0.34337089058449666,0.0
-1.1908225516414492,-0.07323045581113578,0.0
0.7374358021355918,0.5549768121918593,0.0
-0.5243120661601967,0.5612598191249653,0.0
-0.2633376992510144,-0.684002837583029,0.0
-0.8539511093556278,-1.4198528751540647,0.0
0.3319839510511701,0.5484703599953925,0.0
1.181622448324861,-0.24836417118420098,0.0
-0.23171867904992105,-0.39518917676313847,0.0
0.22080821767601908,0.11081465459093273,0.0
-1.0642146191575297,0.337392923684861,0.0
0.40376318039982334,0.17965423532793115,0.0
-0.1705816031990366,-1.3554435093506019,0.0
0.07155573057656928,-0.07552095673981658,0.0
-0.3295003682704014,0.047918691351777676,0.0
-0.15872197512537362,0.050726642409865665,0.0
-0.08256289280848521,-0.33224024081387277,0.0
-0.7843288483781212,-0.8757230344309858,0.0
0.24139752510428972,-0.0261399919540876,0.0
0.28776395941494326,0.30867682959456005,0.0
-0.09114909469118467,1.3545709360216596,0.0
-0.35516307825056426,0.04786660971877805,0.0
-0.358877900020855,-0.253882322187951,0.0
-0.7310042096985976,0.4808645710107028,0.0
-0.374768407237069,0.4635770780344807,0.0
0.7524525816654005,-0.015036568221617287,0.0
-0.37577065566820433,0.21903496894529745,0.0
0.3997884506036412,0.4592276957058743,0.0
-0.93874729772552,1.0642097965919015,0.0
-0.6214135777429364,-0.9759598631377299,0.0
0.43509690570892423,-0.24363277672087646,0.0
0.07738099725116074,0.15222448769196134,0.0
1.2164972222556705,0.10565749240668648,0.0
0.33212238675365624,-0.23993697031386843,0.0
-0.4984472729075754,0.6095443235535933,0.0
0.41567248957007286,1.1139350709297815,0.0
-0.5450994388087946,0.262535194480749,0.0
0.5455114916312156,-1.179901473391975,0.0
-0.9009731208159641,0.3480151528096224,0.0
0.1639230726102687,-0.45162378514224627,0.0
0.6441264690520936,-0.6331966116967389,0.0
-1.0186384431633488,0.06009196496638035,0.0
0.09345699474192833,0.6691342025145638,0.0
0.1585527430239718,0.5893838882268393,0.0
-0.685178870110746,0.6110608548055625,0.0
-0.7384904051282909,0.726791876537876,0.0
-0.13917821177396908,-0.005775497986536246,0.0
-0.2928267047766938,-0.09108507053710094,0.0
-0.22562340473426362,-1.0333754965973942,0.0
-0.5857748232204899,-0.4421549652711169,0.0
0.1886462003207585,0.3719485563838581,0.0
-0.21785421944871664,0.2715557223580056,0.0
0.3186871447516916,-0.21880402899597165,0.0
-1.7212454608378358,0.02466420823018695,0.0
1.0281462299031139,-0.38201897916555644,0.0
0.5233665257705433,-0.5008366186183637,0.0
-0.46508397854532074,1.4927720911019333,0.0
-0.051595415844834486,-0.6663725707138412,0.0
0.8096433864162617,0.2198227931793932,0.0
0.2772804700743121,-1.3396801855489098,0.0
-0.2414851962144795,0.04933746659324832,0.0
-0.11338957019616068,-0.71724610986854,0.0
-0.23463765120688398,1.0187269025061672,0.0
-0.2759256977250799,0.4542811931148275,0.0
1.2848864008316314,0.5315612397864866,1.0
1.3855910776064193,0.059151026885633236,1.0
2.184298724833399,0.47043212515939087,1.0
2.3173910620218217,0.21144785911963318,1.0
1.1672747414813005,-0.207569925025863,1.0
2.0999720171321505,1.1325254871323034,1.0
2.4013837073795465,-0.21102219324552474,1.0
0.9197622749515566,-0.9296642239223476,1.0
1.9020963908262059,-1.4329706633324106,1.0
2.0330414317372116,-0.8941447698661574,1.0
-0.817669052301425,0.8952795835300709,1.0
0.16682596935095395,-0.06694958417405765,1.0
1.046890897255247,-0.9714790720861265,1.0
1.1024117172766734,0.0858920869476687,1.0
0.6608254212831342,1.1093813167800957,1.0
2.2024698024692446,0.34814544536372793,1.0
2.134460432188701,-0.5541640205684963,1.0
1.2263349037971079,0.24020742671010786,1.0
1.9285097940297846,0.2904222564064719,1.0
2.094662625620579,0.7167883762708513,1.0
2.191105594057005,0.7175782571799215,1.0
1.394069697342552,-0.5711898793040241,1.0
2.3258831966865614,0.3538908780533845,1.0
1.9127371741875692,1.5119538499040421,1.0
2.2246929848266705,0.23881724243893437,1.0
0.037777421035015024,-2.411231571792704,1.0
1.504053037743485,1.5278901748240077,1.0
2.094373406193174,-0.11088236252296065,1.0
2.366199577553309,-0.05977087970643796,1.0
1.51793672536671,-0.25046081914860097,1.0
2.1803290340082486,0.3223925068176911,1.0
1.6760472837005578,-0.302119484455294,1.0
1.7501039701971273,0.8152220232867637,1.0
2.1371185806469426,0.6432284140982379,1.0
0.9771542471164567,-0.7784035999893564,1.0
1.9511514397915954,0.9418945805906738,1.0
1.6556575244264233,-0.5816056668989892,1.0
0.554483640055883,-0.1230110553204448,1.0
2.02435486579744,0.7921897526955268,1.0
1.4238090325862554,-1.0202628489048715,1.0
1.716224668560992,0.7652473078728983,1.0
1.8939709236226197,0.19047261444646235,1.0
2.4402973987184677,-0.4928630194887648,1.0
0.5637967122002661,-0.42838615988417533,1.0
1.1291637088952433,-0.207727613166039,1.0
1.0723303049931807,-0.8802877263208972,1.0
0.7239955861769418,2.0585273595738793,1.0
0.920747663086215,1.9141007293000483,1.0
2.1508518755712456,0.10614172142238826,1.0
0.7831844175769591,0.16843196909827804,1.0
0.4503894731718048,0.4096933255291591,1.0
1.8859468383859028,-0.2947089988009155,1.0
2.4364964312304243,0.4805674629550549,1.0
2.0750792834753127,-0.17644192271688092,1.0
1.0732911575212067,0.5128027977954817,1.0
1.6595396002178338,1.8276102075494092,1.0
1.1257150623515555,0.4238245574630138,1.0
2.2210256470656233,0.33697186749084096,1.0
1.9668965711660822,-1.4015773429118759,1.0
1.1572659081527563,-1.467764356299234,1.0
1.3609484427682272,0.3693959398720186,1.0
1.573266130215091,0.29349382804776813,1.0
1.1242170809578533,-0.2566159670668439,1.0
1.805844389580206,-1.3408823035916129,1.0
1.8972901942697682,0.05226649941296426,1.0
0.729660693061922,-0.05014063555669462,1.0
1.7412750308786464,0.24533070801450632,1.0
2.132885336193689,-0.2875844521309694,1.0
1.4281520519534714,0.7383933628187582,1.0
2.104115845594775,1.0831848510311135,1.0
0.6529184015607357,0.21789394702200016,1.0
2.0992320327947183,-0.34401465014087507,1.0
1.6003781659012277,-1.0292994969968496,1.0
1.8654459329313915,0.3918644833156683,1.0
1.3241898410840656,0.49311447756195026,1.0
1.9560443624292694,0.15285696236681315,1.0
1.1476735488938856,-0.9298182906661653,1.0
1.9634457333952957,0.1612602125696257,1.0
1.6176354631878136,-0.08028058036289737,1.0
1.4910432317876863,-0.146590180345069,1.0
1.005780364903486,-0.2958979405919042,1.0
1.3789264589530854,-0.8484045484288878,1.0
1.7725355723688219,1.2727242118681121,1.0
1.8137259775237031,0.5789584962050821,1.0
2.0347067993330987,-0.17141733427071848,1.0
0.25444263679075174,0.11874243771427492,1.0
1.8584308257197288,1.6006219368599337,1.0
1.2520869375193566,1.5596604679103758,1.0
2.01725258272754,-0.9814254802613153,1.0
2.1851827102482067,-0.2651377718907634,1.0
1.3237009599549647,0.4306509936505087,1.0
0.7344067486296182,1.214113551069882,1.0
2.3795622510243155,-0.11905524448648722,1.0
1.9272710762273686,0.2747751127459597,1.0
0.7911149155973425,0.5691462432017582,1.0
1.8592670568865997,0.084735828330923,1.0
1.9539641917413275,-1.0154209085033867,1.0
1.3202609685347972,-0.5399734920879039,1.0
1.6580259087832174,0.8922275561546399,1.0
1.3101770660066414,0.9333824808016601,1.0
1.6203744727207308,-0.163504648120353,1.0
2.0079777127077283,0.8965985306659372,1.0
1.7053270692587752,0.6534775673297368,1.0
1.6403304106468886,0.2715703859431376,1.0
2.3143063670798023,-0.42944323475779794,1.0
1.527169414709746,1.4304906499897787,1.0
2.1983690986122135,-0.557901207005126,1.0
1.26985808232393,-0.3649117571354511,1.0
1.6266434825524478,-0.7970769538660255,1.0
0.7125205641508416,-1.0430964077479186,1.0
1.5467201622588185,0.5225639425819705,1.0
1.6739282917831027,-0.36449992778594004,1.0
1.288280582363429,0.002668847219552347,1.0
2.4143812650354888,-0.1998543071604649,1.0
-0.6126449436056345,-0.21701268487490785,1.0
1.187119117784658,0.243872143006352,1.0
1.8360462117289282,1.202059134280659,1.0
2.2854215393104216,-0.1947887491482943,1.0
1.6286205171151789,-0.9678236559572299,1.0
0.9351645908307882,-1.1570255071056506,1.0
1.1080665682462971,0.4854032166198814,1.0
1.359229305157266,-0.3861945188433372,1.0
0.6667175925719291,0.284299407760708,1.0
1.8344958004605827,-0.9755443855045605,1.0
1.0138758996809698,-0.45216110024049966,1.0
1.266182850892213,-0.06717110608695784,1.0
1.6160592362769564,1.011886741683785,1.0
2.2119456237047417,-0.8479091333426112,1.0
1.6720942232937226,1.6332734852873556,1.0
2.3810366128999756,0.7349613493331939,1.0
1.655264202591069,-0.8056095492010973,1.0
1.8050055136380698,-0.31718227352385486,1.0
2.1128765001807297,0.521309521503057,1.0
0.9419022752451858,-0.35453472209285897,1.0
1.9704033242530945,0.0663050745563533,1.0
2.0611011782590665,0.2232406779627841,1.0
1.5510215609459057,-0.1013276971744137,1.0
1.5539571667400922,-1.0505542801808256,1.0
2.187950212911609,0.41844461485022444,1.0
-0.0036666400755227535,-0.43159384449141847,1.0
1.4873159539416736,1.1611027003214238,1.0
0.5337952471437171,-1.8687751135637365,1.0
2.053212359339044,0.18418444627337344,1.0
0.3667112508105643,0.7467426456147087,1.0
1.8652397687592845,-0.2334551038971919,1.0
0.965592721002229,1.060062885270803,1.0
0.6818235948437361,-0.13552383112997635,1.0
2.4811006901545496,0.06447821660578971,1.0
1.9259459280432418,-0.8234986506045961,1.0
2.1117800106784133,0.3935711705014607,1.0
1.590980169160177,-0.6169373887759316,1.0
1.518235132951974,-1.6034479370021515,1.0
0.7467673641116572,0.32008378667070697,1.0
0.611998333566208,0.5278122588029728,1.0
1.2013982123256186,-0.32341171753539705,1.0
1.8428749124149038,0.6000011237263655,1.0
1.4262021717783344,-0.740508359382976,1.0
1.4625929642030862,0.8438785696473344,1.0
2.339034451659368,-0.3134987557989558,1.0
1.8660344056586617,-0.9280893140992144,1.0
1.5118863330040702,-0.293978810869796,1.0
0.4647598163084887,-0.2904062378989407,1.0
1.8481593932100486,-0.029222041025055632,1.0
2.3587158553523544,-0.001290930572179964,1.0
1.7989044084463628,-0.7106163855969502,1.0
2.0370982501387136,0.23838090883733143,1.0
0.63073182169662,-0.6902298446166847,1.0
1.5615241354060172,-0.710876905547667,1.0
1.9298348412933914,0.48896592635138014,1.0
0.9221466095179185,0.29702792049820403,1.0
1.4679350699688685,1.222312389633096,1.0
2.491411535042821,-0.20147741549608703,1.0
1.5211385910058643,0.2764031392322462,1.0
0.6644607324335157,0.20193859133758543,1.0
0.6792681289574289,0.9901802509094138,1.0
2.0361126168113133,-0.11388774953605255,1.0
1.7386464554671188,0.059114227345969765,1.0
2.3409104354262467,-0.3799551418764754,1.0
0.8414201189802766,0.2883211413416526,1.0
0.47293104824225596,-0.7837158254067074,1.0
1.111537718512409,0.9389951499295568,1.0
2.2254838979041023,-1.0460866898615093,1.0
1.864133226551607,1.5739087604805166,1.0
0.7233852028224372,-1.8446656458127817,1.0
1.1732918178454053,0.1303783904328696,1.0
2.272952755073729,-0.5857805812155772,1.0
0.634178315136557,1.1708853954727465,1.0
2.199596715314941,-1.1242088630744689,1.0
1.8045465209035125,0.8115056816332644,1.0
1.86700509588231,0.21709486928752364,1.0
2.185349433284718,0.05865701068381101,1.0
1.5456744737349482,0.7948392494322872,1.0
1.8713900610908556,-0.8480993795058855,1.0
0.20738001040849063,-0.4114969460952401,1.0
2.0983098646440803,-0.48683871507241,1.0
1.3513700846552128,0.020015459354739668,1.0
2.4407065631598073,0.4783150407242834,1.0
0.24702540027621467,0.20458184913373703,1.0
1.8804442597109015,0.14478861711034705,1.0
2.1332877932438525,-0.9952056909499253,1.0
2.1780572759277694,0.043402624073622796,1.0
2.4248592347642948,-0.09970887523121805,1.0
1.7805088841254324,0.013664313177225934,1.0
2.4107839858550673,-0.20036029419004137,1.0
2.2893310960101116,0.637670855419678,1.0
1.7635977098224742,0.3709675126228816,1.0
1.2429836307021183,-1.8200193295423612,1.0
1.919575065069428,-0.7130680708132241,1.0
0.8945761925872353,-1.3038904977985042,1.0
1.2050914314784742,0.6759350326133314,1.0
2.436166592182349,-0.47178540469854113,1.0
2.080507105698631,1.270656646192748,1.0
0.9236103830913167,0.6705636739106817,1.0
0.9720798764571896,0.1996627372500467,1.0
1.4930826451032657,0.0623259996892921,1.0
2.309749952015421,0.424936145053121,1.0
2.32809143256326,-0.144125637144899,1.0
2.0624215358892637,-1.1409017191026056,1.0
1.5547147310910134,0.33032309958080963,1.0
2.385016774601224,0.05065359767627282,1.0
0.7151980379496539,0.3586889215977234,1.0
0.8672556227494559,-1.3390421760551068,1.0
0.32005002931276394,2.08518540505607,1.0
2.329607701045246,0.07767256065381194,1.0
0.8857035843420578,-0.49325897712192507,1.0
1.6657261053992003,0.5509010166151609,1.0
0.4103508694440654,0.5928049050336361,1.0
1.2610508123793698,-0.534371008572016,1.0
1.6496611282606142,-0.6744982082138554,1.0
1.0770713635488065,0.15397449643187228,1.0
1.89974985114986,-0.13932525653672426,1.0
1.5321117333277439,1.3506682264308578,1.0
0.729120595507134,-0.6975970653113096,1.0
1.4827420120935508,1.10297649153192,1.0
2.0350697044588433,-0.8331541017448434,1.0
0.9634933900272549,0.96509973093112,1.0
1.2978222479779347,-0.004784238271487905,1.0
1.5796000756231043,0.7152466173241083,1.0
1.2783983449219172,1.2131427120801128,1.0
1.0609241740149868,0.5122949460766364,1.0
2.3446115729076697,0.3631428208745139,1.0
2.1459825218314617,-1.126841500125753,1.0
2.0136373509284393,-0.11088847044645274,1.0
1.3375547388658984,-0.19607513640820118,1.0
0.7230282271608373,-0.7237441251941668,1.0
2.1093184496074167,-0.023807181868605375,1.0
1.611716120111203,1.8209382177436493,1.0
1.6365373290029954,-0.4864545864366903,1.0
0.6060683945129923,1.6198734369438115,1.0
1.211066233750034,-0.9121294336039357,1.0
1.3634569264189378,-0.8032272189153009,1.0
2.11063732470427,0.1974818149895109,1.0
2.0432632780659747,-1.0137532656469943,1.0
2.2419211618043295,-0.8178410797045471,1.0
1.663928758383006,-0.6559260351745293,1.0
1.951614291452217,0.49614493298796986,1.0
1.8146922941115413,-0.14946911280219208,1.0
1.6608653601436394,0.8130656271411136,1.0
2.2239099078550573,0.10745017472528758,1.0
1.4422395919557014,0.6091088195111602,1.0
2.0531591183633977,-1.0557019779666832,1.0
0.7867390523628179,0.8739580576851641,1.0
2.4063719504578525,-0.09216286029258255,1.0
2.407140430929607,0.3321246677077916,1.0
0.733150733337327,0.9083957051630722,1.0
1.898029904539566,0.9503552755979184,1.0
0.4638600896886027,-0.4956312649234257,1.0
1.5046154488611765,-0.48082222670045327,1.0
1.6545823227786847,0.16482328878000785,1.0
1.0905943495192736,1.0353512398485383,1.0
2.102717410759052,-0.7059586455637248,1.0
1.7239960061551245,-0.5275958226841123,1.0
2.0689900109465493,-1.13558925833482,1.0
1.3330432050120025,-0.13709737594665183,1.0
2.0112731332039995,-0.08167341038301655,1.0
1.1133730442953376,-0.5715585626743557,1.0
2.493756677201608,-0.15239549039802894,1.0
2.235660479309373,-0.303192496647507,1.0
1.3081016653220892,1.82211710096585,1.0
1.6361749016479368,1.512203306520781,1.0
1.3513504359168127,-0.28922027881316076,1.0
1.9573172533931715,-0.31832234311652574,1.0
1.6209681512775875,0.3036510486406546,1.0
1.9338572599317982,0.2853368814278611,1.0
1.388522271218231,-0.30709521070053636,1.0
1.7849353462385407,0.1091051656600906,1.0
1.5290869213250693,1.3914512708165188,1.0
1.9386115992073292,-1.2039815935490963,1.0
1.2382860006871192,0.9484943831117413,1.0
2.0276982990156043,0.6590815566614244,1.0
1.956112139606728,-0.5724237286819794,1.0
2.192214349478713,-0.8930408283155097,1.0
2.2265305633768366,-0.417768334088144,1.0
1.7485848209351604,-1.3591357321032653,1.0
1.0229323035699671,0.8987073982222521,1.0
1.715789999011728,-0.40875845592341137,1.0
1.8342199409495241,1.0622372874008321,1.0
2.0299541329805906,0.15633331097756126,1.0
1.1778325246433174,0.12392848032862416,1.0
1.9993171932029887,0.13153303851879755,1.0
1.2597847073657982,0.8655494542064515,1.0
0.7637680161654121,-2.1661292366043408,1.0
2.1213718368994563,0.6513363809644606,1.0
1.6524361223180488,-0.8925707274553603,1.0
0.7440308521342751,1.203392771714666,1.0
1.8952585915986735,0.5380414996112902,1.0
1.4553866480258384,-0.4863204748536305,1.0
2.4468839392450397,0.14155753082666078,1.0
1.4476266683537318,0.1490896018047243,1.0
0.0335077107378714,-0.08054615019798769,1.0
0.7346366433735423,0.6439750682425163,1.0
1.4124471660268478,0.6273601950771206,1.0
0.9618234755104724,-0.5576919027438733,1.0
1.6966492767260366,-0.5826333304227262,1.0
1.9898451695337878,0.04972352763389186,1.0
1.1540667771500852,-0.12515409708133654,1.0
-0.20722993329162787,-0.7442665901614778,1.0
0.6241543406945089,1.3971223883110786,1.0
1.814536131102491,0.27617983202460994,1.0
1.811043379772733,0.7858232738499981,1.0
1.3952331509986495,0.4500785116534504,1.0
1.0210671323796372,-0.37078450642829114,1.0
1.4524685029834457,0.8464279315408371,1.0
1.8596356626268378,-0.3233268871986967,1.0
0.5994006015800255,-1.6080754360609393,1.0
1.6007574092778332,-0.752904217241782,1.0
2.036779165632112,-0.4846867180200508,1.0
1.7915430057406228,-0.01305571506858523,1.0
1.1919639186358435,-1.1209552818626736,1.0
0.9681348073746887,-0.7618485715927362,1.0
2.4404490481326784,0.27860915716473506,1.0
2.3247757337235924,0.915919440858312,1.0
2.0377617330490203,0.14154459919420523,1.0
1.9956961479824273,0.4169647874449276,1.0
0.6904384262824337,-0.2534500455311038,1.0
2.227789285120022,0.2449129204820909,1.0
2.3224900679012133,0.7952107444973456,1.0
0.25712644201346,0.28952733440881157,1.0
1.7309168796842482,1.4381610722401645,1.0
1.579639893536028,0.3639972042516739,1.0
1.12893042807549,-0.03861396133548541,1.0
1.2009476353218307,0.012443973615274212,1.0
-0.21514120673505088,-0.4067772464627033,1.0
0.22118799661206046,0.6358698273957096,1.0
2.1556693157858198,0.7699112593657049,1.0
1.347286820547206,0.2856183766291443,1.0
0.6662433227397484,-0.08851353692863592,1.0
2.353296466102524,0.5831521706157372,1.0
-0.1135564758811558,-1.8792113628250076,1.0
2.271160933487167,-0.6865459444460884,1.0
1.9426718587177794,-0.6768661292986028,1.0
1.634234313333911,-0.13773181030846365,1.0
1.1744649322478007,0.9867548157534808,1.0
1.755308680398226,1.373917713688663,1.0
1.1510506174609503,-1.5794374836476925,1.0
1.5907835670139463,-0.6861131472484974,1.0
2.033985499229593,0.9029266858283393,1.0
2.186238958927717,-0.24410925702219752,1.0
1.0435804603621741,-1.0765330013682952,1.0
2.3376898363984484,-0.24682737409104974,1.0
1.3019659424684613,1.129935875149627,1.0
0.47568518688428263,0.9363711279398302,1.0
1.6290911094558553,-0.05173707052230225,1.0
2.1810453325080252,0.5325939354692072,1.0
0.40072070365852364,1.4096611739578377,1.0
1.268673332917635,-0.21491277665140981,1.0
1.8874899486822838,-0.4844107146592978,1.0
1.9582219176557816,0.2997818362911863,1.0
2.3399039771425225,0.22353270284083096,1.0
2.2051794345089815,-0.19407932349708823,1.0
2.0832628346093,0.7470603224403971,1.0
1.4336037710153429,-0.44462939315588557,1.0
0.22428296350476584,0.2634879416488879,1.0
1.6761965133167758,0.5147161116716583,1.0
1.4150322101620214,-0.06888745165541164,1.0
2.3131468423883783,-0.6094376629848014,1.0
1.4316283886384924,0.31501101789723873,1.0
2.1456301712183974,-0.2532874082011167,1.0
2.397868775493721,-0.0656848992648629,1.0
2.068596073240669,0.5271086439480215,1.0
1.199740678294978,-1.4608710939395215,1.0
1.6980316807523164,-1.229778355410943,1.0
1.349822725368038,0.625133873055819,1.0
2.0292494965847707,0.10562297889407303,1.0
0.7028831709081083,-0.828113745817901,1.0
0.0013473444922111888,0.001020468188614303,1.0
2.291375532876311,-0.47348162456204335,1.0
1.932472227289608,0.3066468664268985,1.0
2.246899317154329,0.5778464643966073,1.0
1.9833467755650513,-0.8828105177467698,1.0
1.0546881180911407,0.02023524056928312,1.0
1.9338780411225454,-0.13194922566468198,1.0
0.5027269380955866,0.9031744498591446,1.0
1.6629869663217414,-0.9081269231641257,1.0
1.8898882727675868,-0.07246224468364373,1.0
2.1342539253823434,-0.08341156559716324,1.0
2.0187550980367637,0.8457997582333351,1.0
1.7682882862950724,0.3771690741297216,1.0
1.111812143932474,-0.41130699461640186,1.0
0.2502451275623505,0.18417101440763262,1.0
1.6401584620350567,-0.6856390869465112,1.0
0.3968861333922944,-1.2291559521654345,1.0
2.0859958418392273,-0.5307187451804022,1.0
2.3619280482236364,0.7661623545302251,1.0
0.7887620018906374,-0.19118485888564615,1.0
1.1914006587781105,-0.5592502978206765,1.0
0.9531067409468867,1.2841334197992216,1.0
1.3303113141354144,1.592757686658407,1.0
1.2821615955757946,-0.34186107601917926,1.0
0.9084122042957239,0.5243574135714881,1.0
2.175361875884714,1.0550819362483839,1.0
1.0865759701997113,0.20361348473836702,1.0
1.3038410115682366,-0.2589726455966852,1.0
0.7986567941384317,-0.3112780392498187,1.0
1.3784746832264423,0.032265246871377475,1.0
0.4988039810445448,0.46056548468099945,1.0
1.511346169130752,0.4746901663467317,1.0
1.2899322088401808,-0.5600073800254357,1.0
1.526215087487595,0.6471836589088392,1.0
4.465397657578267,-1.054286046107785,2.0
4.533904413017782,0.8601663000708634,2.0
2.5023535449694405,2.270152266860871,2.0
4.450950186786011,0.972031436164272,2.0
4.169789670224869,1.571865909657788,2.0
3.8127345841760882,-0.8813882083546314,2.0
4.691446095171102,-0.7512757701653693,2.0
4.208636673311785,-1.1686660924561185,2.0
3.26616159470732,-1.1714829649562948,2.0
4.480171494765459,-0.8741663536820266,2.0
4.318961835665375,-0.8694172996862236,2.0
4.330805558303463,-2.290493204041413,2.0
3.5402476156744203,2.112440068997776,2.0
3.9560193118742486,-1.3775072559133268,2.0
4.613406661228528,-0.489985935064041,2.0
4.580911396463297,1.6354380704961209,2.0
3.4540401427966976,0.6416730928576625,2.0
3.47600388001288,0.11977274193120267,2.0
2.9650404419157645,-0.8075839149552403,2.0
2.9969039065877907,-0.995326920395855,2.0
4.499102546782964,0.2008069212065529,2.0
3.551327684703043,1.4705011994448964,2.0
4.608741693947218,0.43941336822018867,2.0
3.1849803668318204,-0.9331568398068298,2.0
4.205889302957308,-1.7243920085851423,2.0
4.206905645230533,-0.715772597922634,2.0
4.135297709758891,2.2113524988319657,2.0
4.374756468299364,-0.8341596702709483,2.0
4.3679407929932434,-0.7934490562777423,2.0
3.835515067519149,0.44162354779820845,2.0
4.810123881634384,-0.3287991569178866,2.0
4.572803539768152,-1.3896223293110803,2.0
3.070643066382327,0.44055099929977887,2.0
4.317710614580224,0.8974112415971259,2.0
3.213095735648796,-1.8302815859567851,2.0
3.837592594968241,1.5602923403704336,2.0
4.531009220647692,-0.9581948884497398,2.0
3.77318750008036,-0.6471111745681988,2.0
4.421257673053908,1.1840084344412862,2.0
4.186816095557576,0.18684923948285453,2.0
4.09303895342833,-0.021740812821202528,2.0
4.912776838290958,-0.3484302690888493,2.0
3.555669917707343,0.06716744346699435,2.0
4.9743928373167625,-0.11348563441721558,2.0
2.960700528170794,0.3182724857169204,2.0
4.489332929265133,0.2471461482484074,2.0
4.261101885814355,-1.1424851075305853,2.0
4.967194639776849,-0.299781092423764,2.0
4.441192018580608,-1.0384821972529419,2.0
4.30946585699263,-0.902306607410346,2.0
3.6892406283033132,-1.1321449762835911,2.0
4.353376372827849,1.243820423951673,2.0
4.814488244258894,0.4935580598185481,2.0
4.23871339355377,-0.8603981180423497,2.0
3.303300245666585,-0.6992904915020891,2.0
2.7469041789731587,2.547633101676765,2.0
3.9118746040118317,-1.359991862000131,2.0
2.7743438540423777,-0.4373456534718008,2.0
3.57138494212525,-0.5977264036838543,2.0
1.8048822989627795,0.4459555884792896,2.0
3.5058617506957286,0.39807024337443536,2.0
2.4980370568512513,-0.7345335809831566,2.0
3.356993426371665,2.329115596604825,2.0
4.208491248580282,-0.5007268598525387,2.0
4.155557064606029,-0.32156189332961005,2.0
4.072445498199984,1.6852210155452312,2.0
3.5111873301453524,1.2029927774567464,2.0
4.441305036799283,1.364622266345442,2.0
4.588336386684782,0.15817186397455762,2.0
2.3250272217932952,0.34908527913394055,2.0
4.0602706650489635,-1.440013286925879,2.0
2.6235271811159087,-0.33048157480221124,2.0
4.217782241821821,0.02425194211736422,2.0
3.644636873767113,0.4901124068472628,2.0
2.56269136480011,-1.3633460481944282,2.0
4.382501788001846,1.025832846739684,2.0
2.0798900004237706,-0.79243974570269,2.0
4.743807791670528,-0.06106209055087657,2.0
4.932450380927756,-0.6814928204659106,2.0
4.844358103441704,-1.0007527015538042,2.0
3.0372398621781196,-1.8489957394963679,2.0
2.8674931185753483,0.09254720076497902,2.0
3.607321305879065,2.478689309595656,2.0
3.798467305197014,1.3275161978342573,2.0
4.569686582553583,0.40764534557697946,2.0
3.322896977772231,-0.08279958359724392,2.0
4.4578918077165985,1.5749370032217636,2.0
4.557439269088029,0.10716706818309263,2.0
3.7326700463550004,-0.42059660274232197,2.0
4.332145742632795,1.185658331508862,2.0
3.726090864552128,-2.3038932938577124,2.0
2.1236096331220997,0.715902427252061,2.0
3.527548156027006,0.6871645351543583,2.0
3.346809232393146,-1.0076267127346308,2.0
2.9030827558563046,0.3456228204968389,2.0
3.2864756169759506,-1.373324258555556,2.0
4.585081008496894,0.20324464421928706,2.0
2.0665637019695633,-1.4391752548083674,2.0
2.861287351544584,-2.016663134125306,2.0
3.3067100655496073,-0.3046638987764662,2.0
4.095396122219111,-1.5741366676797843,2.0
3.4271635893419568,-0.5708446323408909,2.0
3.609026255868738,-1.8217265116874,2.0
4.5832214107638825,-0.012571076731166943,2.0
3.9816486708764534,-0.9734892902739404,2.0
4.307478108081443,-1.2831992941959423,2.0
4.350858071603161,1.0912213837610694,2.0
4.34390501375135,1.3328591788077582,2.0
1.6669913321008418,-0.2947107758550764,2.0
4.326697201950424,-0.3714682003795448,2.0
3.8066700372327626,-1.830732615147781,2.0
4.63927416169725,-1.2123398093940088,2.0
4.717718009168758,0.0004557082160909522,2.0
4.660483145424774,-0.7534390491009294,2.0
3.557378910553271,-1.437720460177236,2.0
4.891488846924397,-0.7742767606573201,2.0
4.649952207053983,-0.5249660719955453,2.0
3.077387405565988,0.47407559026363033,2.0
4.007983303965609,0.041225092287668325,2.0
4.659127206986604,0.37966145309506005,2.0
2.7273814741203233,1.1802417208884697,2.0
4.107227929025737,1.32790295872618,2.0
4.684861924245634,0.7553074017919826,2.0
4.364749172385112,-2.0978298806656746,2.0
4.774720882062963,-1.3911756400832913,2.0
4.487020415158993,-1.030351475580659,2.0
3.8859164640888073,1.751069863202318,2.0
4.006524100775809,-0.7963609631793375,2.0
3.982787418680904,1.0826035704148909,2.0
4.610600413320654,-0.3791520809615618,2.0
4.255588761849702,2.0702051340136607,2.0
4.235787110107583,0.4778942578686482,2.0
4.394407429229375,-0.031042948363685527,2.0
3.9045452405654366,0.5899454161619163,2.0
4.041309689955208,-0.23976677447308367,2.0
2.7073542567522777,-1.1241679703561789,2.0
3.3267689165724104,1.3950074468757057,2.0
3.6769589389502615,0.05548327382653011,2.0
3.5654274720428294,1.0800248062738267,2.0
4.843546095058943,-0.013466783275725694,2.0
4.717517380404717,-0.625939325146881,2.0
2.8363201527440083,0.4674917319868014,2.0
3.432424883268248,-1.8757491244084747,2.0
4.031503039467216,-0.8187392296641851,2.0
4.245393789341318,-1.5842427472344767,2.0
3.5535664628735235,-0.15721518241730606,2.0
4.282348807582391,-0.9186930936117457,2.0
3.7815363991181012,-0.31366394829446664,2.0
4.913242035283045,-0.9047141731722314,2.0
3.973972481135541,-1.0645220247707923,2.0
3.5970469849943996,-1.989159672851227,2.0
4.368472980578972,-0.049836723605356674,2.0
4.635082717067976,0.6253990167379122,2.0
4.186198641838002,-0.11673326591143185,2.0
4.4547088342009005,-1.3152002617879408,2.0
4.448431485844512,-0.30360022155545546,2.0
4.103011906681349,-1.0341299805479995,2.0
2.0688579064633736,-1.1790943247191124,2.0
3.770793133297995,-1.2411764484746632,2.0
2.8652402120217877,-0.3678600859505578,2.0
2.4694436719597532,1.7932192304809038,2.0
3.158753940880119,-1.0502809581386476,2.0
4.323327695157601,-0.675141345986728,2.0
4.184389031034853,-2.3166980447842205,2.0
3.720693706838177,-0.13430063944611279,2.0
4.4292259277441435,0.3635696781902681,2.0
4.010607789627597,1.2508134747893205,2.0
4.812892520490434,-0.13824165167517224,2.0
4.6459892692870906,0.19886644284344,2.0
2.553239876287139,-0.8664916639025408,2.0
3.202011531791572,1.5282894591500389,2.0
3.264275164763961,1.15575584096551,2.0
4.427300429730956,-1.6744873271695424,2.0
4.41844965823418,0.4012017514182229,2.0
4.422215941932993,-0.06528836833794657,2.0
3.933942667370384,1.6778365993681088,2.0
4.234751565249885,1.3963072840660362,2.0
3.3270168736532697,0.5614103143870766,2.0
3.9658675152999576,-0.6714108563493574,2.0
1.72152027624238,-0.40664779420603286,2.0
4.60432382729284,-0.0880226829083349,2.0
3.7459238873391376,-1.5300887227872284,2.0
1.5760849394691152,1.3141071419793016,2.0
3.221108441469381,0.7078345815482652,2.0
2.4245478463918357,1.3075235522369024,2.0
3.967084256614312,-0.32254166069455564,2.0
3.633830659652117,-0.6057262020260757,2.0
4.712078028076587,-1.05678973771477,2.0
4.166946846080481,-0.19778659569525553,2.0
3.97108477692109,1.6505162475754114,2.0
3.9528565666623425,0.12128193215854564,2.0
3.193423196447942,-1.346350157166559,2.0
4.4241231391050855,0.7430382054469633,2.0
4.241075002183605,-1.41309461379775,2.0
4.460217908104708,-1.6445811353814046,2.0
3.413029936008207,-1.514196680737437,2.0
3.8532999838885527,-0.9070406286580902,2.0
4.31044540888854,-0.8912951910550506,2.0
3.9929833943911923,1.1031317754324235,2.0
4.2929302642041565,1.1781074089035821,2.0
4.473699663925035,-0.7373792995741238,2.0
3.3179359648933655,0.9448850286542398,2.0
4.897672870034728,0.95823433656035,2.0
3.0669107984707193,0.7051431232958413,2.0
3.8639267756527955,0.11272994217953124,2.0
4.665862360833303,0.7372055724958781,2.0
3.2225533642322595,-0.3604949515755395,2.0
4.478809665557205,-1.900880172537684,2.0
4.356749485788139,1.0710981676805689,2.0
3.3280634163565708,-1.433663627939839,2.0
4.625444076110366,-0.8067577292795036,2.0
1.5862200691486823,-0.19321783310632007,2.0
4.020068610450197,-0.979408870864304,2.0
3.445229282689656,1.5070499556330978,2.0
4.31204669015885,2.0948463482747877,2.0
3.6235811849545794,0.30677633733215903,2.0
3.7142043624452192,1.1927206569145723,2.0
4.934057682541401,0.47984325478426126,2.0
3.877342387746676,-0.7954052383127965,2.0
3.9414594552913655,-1.2835574542905888,2.0
4.177371871005313,0.28662500211314645,2.0
2.9070513578653063,0.005790540975156459,2.0
4.10551570052005,-0.06723614250049,2.0
2.4412795218377656,0.10486069657660914,2.0
3.319363607767195,0.5463757222226707,2.0
4.186367957799122,-1.0256347286893437,2.0
2.7899044739432637,2.728046341694534,2.0
3.4121580285610555,2.6637956628816606,2.0
4.232332557556083,-0.026760428770537054,2.0
3.9380193967021544,-0.6397346961262966,2.0
4.297607104113125,2.3630796445449627,2.0
3.181994807845751,0.8193005780009454,2.0
4.123671261440165,0.8329938902669246,2.0
4.412811485802984,-0.9901183896026288,2.0
4.843762471656801,0.03201608307138788,2.0
4.4606663553494394,-0.10379721867379502,2.0
3.83824439662314,0.398447720100125,2.0
3.385848462716221,-0.12055790965895653,2.0
4.929623838233194,-0.3253729588942316,2.0
3.0366398932055643,0.908411328552745,2.0
3.930695052583404,0.5252508279243844,2.0
2.7624830962752314,-2.140717125436245,2.0
3.3124904822321346,-0.22234694026294222,2.0
3.639221878682429,-2.2340400866719636,2.0
4.73238351503165,-0.5223875248175442,2.0
4.835576488095772,-0.5081856783851981,2.0
3.611166418742604,0.7351388320324588,2.0
4.859819376430795,-0.3730592167415635,2.0
3.806868170414708,0.40896652712907744,2.0
3.7222885039608284,0.24412525438750193,2.0
4.689073135033337,1.7287750241738702,2.0
4.082846379248384,0.3201998434517181,2.0
4.823024110810938,0.8166522408321935,2.0
4.862616437036071,1.0713883974422431,2.0
4.220039029606664,-0.5078455683858277,2.0
4.257499850667146,-0.40645502717973253,2.0
3.639900927008396,-0.11239328231082307,2.0
4.5516795995335375,-1.605094126645684,2.0
3.7419210849042157,1.167468890788603,2.0
4.68768011199559,-0.0595551338988747,2.0
4.213750632396483,-0.8824869090498877,2.0
1.7693430067876328,-0.1195386374230671,2.0
4.817489894390618,0.25324927965896876,2.0
4.7149823275861324,-0.30240685871057144,2.0
2.3463323839770207,1.4186205732560047,2.0
4.299591192892248,0.8255995830965593,2.0
3.198506653846726,-0.13120651020511137,2.0
4.663477523750074,-1.1154792715586386,2.0
3.8775533450347934,-0.09107098467205932,2.0
4.638443822961665,-1.2240498656287342,2.0
4.313484610234194,0.18565994439580463,2.0
4.8291274748578505,-0.4743285132883556,2.0
3.7603132240454062,-1.1218236884597452,2.0
4.35733325229354,1.4201038151135719,2.0
3.3761569464049384,0.524790812626322,2.0
4.527536690810221,1.1074072959736727,2.0
2.910458834728389,0.5109555845157218,2.0
4.304168829832354,-2.1805158424209963,2.0
4.587955152435414,1.0208405415018058,2.0
2.8096623827312297,-1.3506213191862686,2.0
3.906593016289813,-0.2795045165342054,2.0
4.670835402366596,0.24741061575652742,2.0
4.471184242376734,-1.8168852452571986,2.0
4.418800920438721,0.5014177272919652,2.0
4.108861462039277,-1.329696239775256,2.0
2.819709091183912,-1.0826369690664381,2.0
2.293781182930267,0.7175551140181455,2.0
4.117551219959347,0.8011793487454908,2.0
3.403481856550627,1.608731389145706,2.0
3.562703195853806,1.3193374678398895,2.0
2.625121732811456,0.811852838527179,2.0
2.4766657851850096,-0.30575845659472367,2.0
3.457539112099081,-0.2342348977557312,2.0
4.691223489543456,-0.6607359459796555,2.0
2.1006655298296346,0.48619509702845265,2.0
4.692290249885427,0.7470740699082985,2.0
4.099853410485659,-1.4618641883251593,2.0
4.647467720957948,0.1853445697132904,2.0
2.8468820962837547,0.7946094645855815,2.0
4.387580799528514,-0.36157961835150415,2.0
3.519567601951313,1.2197473163857395,2.0
4.1311410986548545,-0.13607835466426355,2.0
4.280867988356477,1.0046580529058162,2.0
1.872458560468794,0.3406434989218623,2.0
4.59051864903136,0.22388159186813023,2.0
2.9810424722501634,1.0945221192457595,2.0
4.784051054957051,-0.8342106059356365,2.0
4.116346085729674,-0.06970698330144404,2.0
3.3062312723352765,-0.9445334330067479,2.0
3.7085761656028513,1.0891925273989773,2.0
4.239853683764068,-0.4964380241604959,2.0
3.366036600603398,0.5361725039937556,2.0
4.48660504098227,-0.30895902312135,2.0
4.4111669609316015,1.3051489884928658,2.0
4.550418761286999,-0.28840381457610653,2.0
4.4662145832405695,-0.9851553552582777,2.0
4.61826006007338,-1.3742200402719311,2.0
3.8648750692013536,-0.6011233442505712,2.0
3.4850188568209273,-0.5711331401271569,2.0
3.376849866479346,-1.2480906597521904,2.0
3.2556841030544534,-0.22287157354859186,2.0
4.084416853161389,-1.7850472339364227,2.0
4.014257074520665,0.9751690568440098,2.0
4.068704783103559,2.137340688759698,2.0
4.216817515326871,0.19410710624180585,2.0
2.2830457157485005,1.9898429530117456,2.0
2.5983545491247586,-0.7592789124136495,2.0
4.216762376500515,1.4992240301514874,2.0
4.657101787511616,-0.6533014656987983,2.0
3.6497346786493705,-0.34088118582763993,2.0
3.965145134795612,-1.4078947803472017,2.0
4.603615562765279,1.613629761148647,2.0
3.4267227185049727,2.9981997272854217,2.0
4.777318082013132,1.3607075348534237,2.0
4.431021050911969,-0.03546339671191841,2.0
2.7482492357595905,2.3677333166474672,2.0
2.3021528940432607,0.6617886109207247,2.0
4.846785862473175,0.2932942658675832,2.0
4.620518730857132,-0.8281520606910285,2.0
3.02471622996429,-2.122188088388269,2.0
4.083846020540884,0.0737920330300451,2.0
2.5066920067407845,-1.7091558580392976,2.0
2.4098538530402758,-0.5126907126576872,2.0
4.220102542370715,-1.0186448371102939,2.0
3.045818009746337,0.4358722167169816,2.0
4.288655888134351,-2.197313893773647,2.0
4.5797761298306074,0.43932788518581517,2.0
2.751282272867088,-3.0364454509418852,2.0
4.110206349214861,-0.6230332417798586,2.0
3.8235167928626703,-0.5020869574626571,2.0
4.030475198142174,-0.25594395123761865,2.0
4.342858977618693,-0.04088503602372814,2.0
3.511485036602223,1.2810087899591096,2.0
4.594231102542249,-1.2324318142602715,2.0
3.824930986807924,-0.41222313080161,2.0
4.306027734610277,-0.010306879642323711,2.0
4.302067666428961,0.7897231898812416,2.0
3.625189574667332,-0.7123843643165849,2.0
3.8452719309672116,0.4334122613598193,2.0
2.8784826920212407,0.6163030551542038,2.0
4.433926095782161,0.26570673639037173,2.0
2.1639195114142393,-0.018179498306501247,2.0
4.410533921144485,1.5963762952584415,2.0
3.8361886697968335,-0.36516187052830973,2.0
4.351666406414589,-0.395521781421997,2.0
4.6634048180994565,-0.755677959954127,2.0
4.264948727082274,0.5398168018864454,2.0
3.6970359273004743,-0.6073700637563256,2.0
4.3224661551949906,-1.371097078409059,2.0
4.599466073504809,1.2827686363795443,2.0
4.724925219189521,-1.425132937007428,2.0
3.7968448308457807,1.0997777318945663,2.0
3.8302037079254636,1.0162083228863,2.0
3.291671717282802,0.9736559733986955,2.0
3.6863087132419556,-0.6064786286246295,2.0
4.35821138255016,0.29873441243791693,2.0
4.17474038798705,0.6013343382841106,2.0
4.556867519082228,-0.7526137802074339,2.0
3.9499500436796193,0.10465687680375366,2.0
4.5530704499108685,-0.520157890753612,2.0
2.4170667784910855,-2.4521046276331533,2.0
3.6581737956223557,1.146169039248875,2.0
3.3587851575690375,0.26858890910102445,2.0
4.306607993978137,-0.8566674902233831,2.0
3.997634615108206,0.30626875881880977,2.0
3.8222304489909025,-1.1918838718464129,2.0
4.65003863297535,-0.12636908752814965,2.0
3.5381309167343904,0.32718854914238166,2.0
4.1537654618400275,-0.4611139730772019,2.0
4.689722540086779,1.6980385263686362,2.0
4.801014921365349,-1.1475375849055367,2.0
4.421048057890373,0.788484634666518,2.0
4.469555913166715,0.9074363807682877,2.0
3.373499013324776,0.9027007489730524,2.0
4.741639449531528,1.4765824162263157,2.0
4.741444623314639,0.4580673909348884,2.0
3.104331497795793,-0.7942414500222275,2.0
4.193128522592683,-0.6620424461718138,2.0
2.920039692006518,-0.9423969453706308,2.0
3.8624117840632675,1.1560901715583898,2.0
3.68437943047961,1.1908490326453243,2.0
2.9550306923875005,-0.21287843923943142,2.0
4.185994751719759,1.8525837407145769,2.0
4.62763826428675,0.5385572448249908,2.0
3.9692636284956206,-1.3161713315146855,2.0
4.522973725253681,0.9694310347928635,2.0
3.658098102235084,0.8866277084596019,2.0
4.682917328849769,1.141759430450163,2.0
4.785243536784029,-0.8508911155581095,2.0
4.9570780553714515,0.16907371167598023,2.0
4.3929894642183775,-0.2620406076625068,2.0
4.168283056090318,0.5215688764421382,2.0
3.731650190960419,-0.2147493913381298,2.0
3.9160846596267094,0.3080531425972218,2.0
3.9994344631702585,-1.5473134986619428,2.0
4.187454248226071,1.4009475583827173,2.0
3.7759228982774737,3.2743035926427715,2.0
4.768094668870972,-0.6204921063268631,2.0
4.090708643767734,-1.023874223881599,2.0
4.265092583416178,0.4145772285172764,2.0
4.2757933900952745,0.36722641979090315,2.0
1.5317944648714144,0.6669959290630041,2.0
4.332763358174069,-0.684194761207689,2.0
4.61992530915481,-0.016857901004682666,2.0
2.621280436765558,-0.49031037404877187,2.0
4.907909797629219,-0.24276980253493094,2.0
3.941743818325442,-2.095134960619392,2.0
2.972840027049605,-0.8498174088779752,2.0
3.7680472544692183,0.6113754857522287,2.0
2.9391005560258443,0.6243230862277928,2.0
3.707421795193304,-0.2679835741238818,2.0
4.4563001755762865,0.4285864673201231,2.0
4.7524984121685305,-0.36179835926593684,2.0
1.5449231154031415,0.027995432030036498,2.0
4.195664649800203,1.971597462702676,2.0
3.562428061526989,-1.1428259307183986,2.0
3.341803346789499,-1.5096427866328757,2.0
3.1708462616251207,-2.754831992164131,2.0
2.917251029853598,-1.744448310473891,2.0
3.05885545557304,0.025900565047128284,2.0
4.647631575137021,0.1733615209288862,2.0
0.8697352931243412,0.5148105278741588,2.0
4.391399104006872,0.0025632212831008866,2.0
4.189654143921403,-2.05183551686413,2.0
4.789762301447419,-0.6837133226938817,2.0
4.161443961133315,0.9247461240127499,2.0
3.040175256815451,-1.5825574156327364,2.0
3.501682835420172,0.45126918874805194,2.0
4.6033185917725925,-0.7491731550039081,2.0
4.9136537715601944,-0.6728819350593561,2.0
4.552864240801905,1.56061212933454,2.0
4.914463934904409,0.2833451494511977,2.0
3.5859578968787638,0.35388611568162087,2.0
4.955846803702195,-0.22567122303344714,2.0
4.660581236493356,0.347256030325315,2.0
4.5850920217509685,-1.5829825011285714,2.0
4.86811211291254,-0.16148320431718327,2.0
4.261796571968913,-2.300150410675737,2.0
4.054009344067938,0.26211124426574306,2.0
4.119351677100571,-1.766760850484929,2.0
4.161965491813557,0.5934710580975866,2.0
4.3852907199535975,2.401833990331716,2.0
0.8443076267939045,-0.12029244105368442,2.0
4.446707814453364,-0.47166164290685786,2.0
2.814104498421961,-0.19681878750585743,2.0
4.069575191328327,-0.8184116394201468,2.0
4.4094016343773355,0.9058261826173357,2.0
2.4410151740702237,1.353235542328336,2.0
3.228740362188743,-0.8957744021399802,2.0
4.2210361870790605,-0.9953030260960387,2.0
4.482814749305975,0.7397481128942683,2.0
4.067859095416543,1.062886925474488,2.0
4.125571154569385,-2.5402067960528734,2.0
4.454524550323013,1.8170170491456978,2.0
4.9522876523091455,-0.5071860761453344,2.0
4.976866933154109,0.43859947543342453,2.0
3.5453393610254187,0.3599009647733303,2.0
2.8734707192997075,-0.6730231658700857,2.0
4.28669207005884,-1.215294267400512,2.0
3.426256745797274,0.9115526311851551,2.0
4.404531839253755,1.351757712133909,2.0
4.929197466091967,0.004934626240386519,2.0
3.9717743305328046,-2.2310371144172247,2.0
3.8764687427678677,1.6338523507708616,2.0
4.843852982443514,-0.12736427152283297,2.0
3.7258806620999954,-0.5710079373383502,2.0
4.725742211134369,0.8816276713970415,2.0
3.6813071140583107,0.26781577471282236,2.0
4.496705918326727,0.4711390756879606,2.0
3.028130078739615,-0.38001240383464596,2.0
3.1031921638661126,0.4337860718460878,2.0
4.93473042672689,-0.1938604806197364,2.0
3.2892122285976195,0.29915159504541217,2.0
4.394666506140664,-0.10839148405963676,2.0
4.193796090938136,-0.7904973914077008,2.0
4.581156052493475,0.7317357499664249,2.0
3.6366515490631954,1.680795478684166,2.0
4.533581332653699,-1.0897193330586146,2.0
4.011995782216493,0.7239780078760869,2.0
4.76328233919717,0.7255631696393445,2.0
4.730269891179643,-0.6919491594742592,2.0
3.8742061284387663,0.8949159808826662,2.0
4.9356084632838995,-0.5872610588755208,2.0
4.2264874222211075,0.2744035699820463,2.0
4.516677653273154,-0.7281255619404404,2.0
2.893753805218885,0.1510084181812936,2.0
4.102764683407058,1.643683524307719,2.0
2.9469082863431866,-0.31985480458580906,2.0
4.700336849814209,0.8940581250479106,2.0
4.392944573346084,-0.23673216498516278,2.0
3.776456836998795,0.6063215628989707,2.0
4.724194748703782,0.20582892310015605,2.0
4.468520999860153,-1.3161936997369499,2.0
4.991676560677084,0.020055303424735563,2.0
4.052236775743608,0.9218933448358756,2.0
3.3929751875388687,0.938447591946839,2.0
3.534873155275032,0.7911858391170917,2.0
4.240438124393749,-1.3727005524134148,2.0
4.278513986893398,0.43305403256303526,2.0
4.538835264994901,1.3229447963729537,2.0
2.6791839925579013,0.15188287706093495,2.0
3.2362949091847346,-0.32829638557781393,2.0
4.877753149400157,-0.609592565315819,2.0
3.397104300296158,0.7009526893774345,2.0
4.683851588219136,-0.09739724232401795,2.0
4.759651248759159,-0.5506902034189626,2.0
3.1749836310590203,1.4039829091057123,2.0
3.91792366031219,-0.5721227869591305,2.0
4.174192496693014,1.562378743918126,2.0
3.3116413589308578,1.3830979323497716,2.0
3.5428402635467453,-0.22947772621388524,2.0
2.9875267133796286,-0.12268467425765489,2.0
4.881583287957073,0.21361325822431812,2.0
4.117420508713517,-1.6198012774545139,2.0
4.117575515736598,0.5455244357110243,2.0
4.253391665782124,-0.15498517938410283,2.0
4.48674229818991,0.16993138783358008,2.0
4.69479491829938,-1.340120991003616,2.0
3.362658834842298,1.3240467008070749,2.0
4.658374922985936,-0.8852464159940767,2.0
4.820282371142502,-0.7731464878719142,2.0
4.2570211338078,-0.5728289891691231,2.0
3.6010951446583213,-0.04719865116732862,2.0
3.576819553849727,0.43634692100124645,2.0
4.591342025612037,-1.8313767129414096,2.0
4.770462371382338,-0.8595962194048885,2.0
3.655138755632021,-1.3074520277203692,2.0
3.243000905194918,2.501202864199806,2.0
4.150020085195605,-0.8015626190657094,2.0
4.569724682389312,1.3621391794935642,2.0
4.806673709136446,0.17297740873446005,2.0
4.082775758286388,0.8654667523049606,2.0
2.635969181959102,-0.4349711715038047,2.0
3.8395376254396223,1.8505104600159643,2.0
4.821622401451423,-0.23227250690249365,2.0
3.291391542124688,1.1436725016446845,2.0
4.193166246486107,-1.43187311205695,2.0
2.877668028400748,-1.2374052291863917,2.0
2.88211243724227,0.45380571479386134,2.0
4.787876961217611,1.2708400695529194,2.0
3.263636426880918,-0.5366780058528292,2.0
4.309277417965374,-1.5288410247637814,2.0
4.377591826663641,-0.004221324128870942,2.0
4.250598822224793,2.0812540469474965,2.0
4.7337858665408765,0.27822417795301235,2.0
3.888684133919963,1.02769433978494,2.0
3.442300224858792,1.1380896598128996,2.0
3.6358882068823384,0.0719507790050828,2.0
4.09601887500215,-0.6454890318723526,2.0
4.132313310486904,0.3485456713591031,2.0
4.857032864326495,-1.125970738041397,2.0
4.815642160608172,-1.0980799931421565,2.0
4.001325894185586,-0.8608477901764194,2.0
3.8298245155297095,0.38004097792415237,2.0
3.5038785555415997,-0.6377523942897163,2.0
1.519692658094328,-0.6594654193229574,2.0
3.432109271128625,-0.20625822076187283,2.0
4.637627431846638,-0.12282196684959716,2.0
4.375795142057261,-0.6531516507227332,2.0
2.9644062085041574,-1.2749691676742196,2.0
4.762794604828842,-0.8181383764150425,2.0
4.7225863466129905,0.40233622125717877,2.0
4.3680262873865345,-0.7312415068368667,2.0
4.839036023571324,-1.2142140124918708,2.0
4.734833708188916,-0.39280973564282123,2.0
4.689141141269015,-0.9186835574479854,2.0
4.374907665855121,-0.2481699775771729,2.0
4.563542159759857,-0.715059006453271,2.0
4.568161444207398,-0.7105081566633444,2.0
4.198242348784506,-0.6169863539847885,2.0
4.119707642914247,2.2281883568928933,2.0
3.904435363256979,0.7777597620026057,2.0
3.0734709344825424,-1.102412318404562,2.0
4.214628459862852,-0.11162131256286575,2.0
4.772695286998019,0.12990462335569736,2.0
4.658775724371097,-0.6362155937167625,2.0
3.734708457498722,-0.7790698012028493,2.0
4.314422612583441,1.268574644291995,2.0
3.920859553468712,1.311530663768566,2.0
4.37305725959671,-1.4363203162963887,2.0
2.3229084126974415,-0.1717578699357915,2.0
3.4888214963110586,-3.372018715939256,2.0
4.111356329011307,1.4627411271514736,2.0
3.738241920655055,2.270558856657592,2.0
3.2892029199005153,-0.11492060363948589,2.0
2.866877581305095,0.05833130074717749,2.0
4.5893891797792605,-1.3197278370137882,2.0
4.713486835778339,0.7743929793709993,2.0
4.493809930902042,-0.6559089370156166,2.0
4.283191781995983,-0.19984547033692543,2.0
3.8259698411638117,1.9927207316005766,2.0
4.344336694146768,-0.9372016277897884,2.0
3.7218108490525053,0.19367580611017562,2.0
4.5907694769569645,-0.9366859629223154,2.0
3.080403540852596,0.9334478334323343,2.0
4.839438934276024,0.3779756968931211,2.0
3.6609474616608004,0.5116742731142934,2.0
4.231903174153902,-0.4214712332771756,2.0
4.6965606881508055,-0.25908175088546986,2.0
4.72738321528464,1.2539671541625466,2.0
4.582174065579163,0.2672746100596815,2.0
4.620224953206245,-0.06992487604961914,2.0
4.611709243735427,-0.39514422877563143,2.0
4.502586081621123,-1.0628841381288776,2.0
4.418289520199694,1.0365536581108161,2.0
3.6282494397328438,0.5665969062004436,2.0
4.099425031090892,0.6501824046035155,2.0
4.2028688927299225,1.387663023302073,2.0
4.719976448830561,-1.1013595583590992,2.0
4.2012334001596745,0.04100586493762812,2.0
4.691241137394076,-0.6300958110115829,2.0
4.650472144333432,-0.8600474769847454,2.0
4.5918800416544885,0.45406540876023455,2.0
4.690270679994782,0.017783177014575536,2.0
4.410144648699809,0.9547213904680586,2.0
4.127041719297863,1.5900814963733712,2.0
3.568823980825112,0.6405148376738187,2.0
3.327318633267268,-2.7818087194521013,2.0
4.349834893095567,-1.3701456672687478,2.0
3.932502927373711,0.34247042255900517,2.0
4.139077062832581,0.09020869580375007,2.0
3.0821342005162955,1.498953400876422,2.0
3.68496282321679,0.4912201897950945,2.0
3.827037148148643,-1.751022609981178,2.0
3.9087890027696632,-1.0586786372046353,2.0
4.435979775662079,-0.767762485898036,2.0
4.617207054709535,-0.11550163442102214,2.0
2.6448256724712946,-1.4949583403561917,2.0
4.212571637006286,-2.3300052421718376,2.0
3.2016167584767325,-0.6193362809770676,2.0
3.6434522232008346,-1.4907061746436086,2.0
4.81493899282027,-1.3285517513458902,2.0
2.7132515639286883,-0.06966518477405839,2.0
4.796159608590179,0.6320917482911652,2.0
3.9773055866966,-1.7018588670878503,2.0
4.45246129473301,0.9021709727266778,2.0
4.574733952061165,0.931658087450355,2.0
3.1908278044168474,-0.22665081459590816,2.0
4.08962889480521,0.8474736871412172,2.0
4.698670622543045,0.6820358197568861,2.0
3.866014198990963,1.6727588020628412,2.0
4.320921736546586,-2.1686921092336373,2.0
3.0735153105869015,1.1719874504244479,2.0
4.443928962395122,-1.462452715129723,2.0
4.2717255929351206,-0.9244003782069984,2.0
4.714663509682651,0.32260781892198354,2.0
4.401781810552472,1.2393632291550136,2.0
3.2620421190036715,-1.126097824390355,2.0
4.651751407081143,-0.3958287977283259,2.0
4.057038562952658,0.28932035421082414,2.0
4.297246641701558,0.953010526110423,2.0
4.783628856840767,0.1673731583210774,2.0
4.323824334918068,-1.539225487963703,2.0
4.11110735222624,0.10004390347635676,2.0
3.973323612493865,1.863930887014297,2.0
4.504865683205408,0.21506606401149314,2.0
3.7665722927903076,1.7253295848143704,2.0
4.0448876458079255,-0.7866277081695657,2.0
3.920738412193416,-1.569929881050025,2.0
4.310423477757473,0.29909427292321716,2.0
4.778141372745099,-0.5656685708951765,2.0
4.7397813201939165,-1.3682167353950605,2.0
2.94895192716151,-0.683403335409627,2.0
4.146008674390879,0.06696782255881857,2.0
4.705646322398479,0.717005265358741,2.0
2.60897250557393,-0.6499622407293549,2.0
4.208266725389187,-1.6630954001068665,2.0
4.549948178726553,0.2396113487862398,2.0
3.9557622592707142,0.8860048948491802,2.0
4.329956126031809,0.7326446355842653,2.0
3.212685533410821,-0.1472214971330837,2.0
4.8292591073547815,-0.1397203214508712,2.0
4.841571381072464,-1.209371457271889,2.0
